[{"model": "admin.logentry", "pk": 1, "fields": {"action_time": "2022-09-10T13:52:26.697Z", "user": 1, "content_type": 7, "object_id": "1", "object_repr": "Five and Six", "action_flag": 1, "change_message": "[{\"added\": {}}]"}}, {"model": "admin.logentry", "pk": 2, "fields": {"action_time": "2022-09-10T13:52:59.191Z", "user": 1, "content_type": 7, "object_id": "2", "object_repr": "RedLights", "action_flag": 1, "change_message": "[{\"added\": {}}]"}}, {"model": "admin.logentry", "pk": 3, "fields": {"action_time": "2022-09-10T13:53:13.474Z", "user": 1, "content_type": 7, "object_id": "3", "object_repr": "Surulere", "action_flag": 1, "change_message": "[{\"added\": {}}]"}}, {"model": "admin.logentry", "pk": 4, "fields": {"action_time": "2022-09-10T13:55:33.850Z", "user": 1, "content_type": 9, "object_id": "1", "object_repr": "ProfReview object (1)", "action_flag": 1, "change_message": "[{\"added\": {}}]"}}, {"model": "admin.logentry", "pk": 5, "fields": {"action_time": "2022-09-10T13:55:51.507Z", "user": 1, "content_type": 9, "object_id": "2", "object_repr": "ProfReview object (2)", "action_flag": 1, "change_message": "[{\"added\": {}}]"}}, {"model": "admin.logentry", "pk": 6, "fields": {"action_time": "2022-09-10T13:56:08.202Z", "user": 1, "content_type": 9, "object_id": "3", "object_repr": "ProfReview object (3)", "action_flag": 1, "change_message": "[{\"added\": {}}]"}}, {"model": "admin.logentry", "pk": 7, "fields": {"action_time": "2022-09-12T14:03:42.029Z", "user": 1, "content_type": 10, "object_id": "1", "object_repr": "Rick and Morty", "action_flag": 1, "change_message": "[{\"added\": {}}]"}}, {"model": "admin.logentry", "pk": 8, "fields": {"action_time": "2022-09-12T16:32:47.841Z", "user": 1, "content_type": 10, "object_id": "1", "object_repr": "Rick and Morty", "action_flag": 2, "change_message": "[{\"changed\": {\"fields\": [\"Image\"]}}]"}}, {"model": "admin.logentry", "pk": 9, "fields": {"action_time": "2022-09-12T16:47:11.636Z", "user": 1, "content_type": 10, "object_id": "1", "object_repr": "Rick and Morty", "action_flag": 2, "change_message": "[{\"changed\": {\"fields\": [\"Image\"]}}]"}}, {"model": "admin.logentry", "pk": 10, "fields": {"action_time": "2022-09-13T15:15:43.127Z", "user": 1, "content_type": 10, "object_id": "2", "object_repr": "The Little Demon Show", "action_flag": 1, "change_message": "[{\"added\": {}}]"}}, {"model": "auth.user", "pk": 1, "fields": {"password": "pbkdf2_sha256$390000$5pI3svUNTVIVOJ4otIe6hG$cp3eE9DsCA+KCVPuDYs65jMVoH8KaZewvT/ZKeP7Dxg=", "last_login": "2022-09-20T12:13:00.853Z", "is_superuser": true, "username": "nerdydreams", "first_name": "", "last_name": "", "email": "afezupere@gmail.com", "is_staff": true, "is_active": true, "date_joined": "2022-09-10T13:51:29.661Z", "groups": [], "user_permissions": []}}, {"model": "auth.user", "pk": 2, "fields": {"password": "pbkdf2_sha256$320000$6QT7oxNNw9NHCAij0bUQbZ$BMFNosbkqqgStNPc/EZovQ+z7P3/XPJ19pX6/zzP5qU=", "last_login": "2022-09-10T15:35:07.285Z", "is_superuser": false, "username": "ije", "first_name": "", "last_name": "", "email": "", "is_staff": false, "is_active": true, "date_joined": "2022-09-10T13:54:23.514Z", "groups": [], "user_permissions": []}}, {"model": "auth.user", "pk": 3, "fields": {"password": "pbkdf2_sha256$320000$DjkIXTVDgXvCUYrc2wn2Fs$36rAVwnEUrKzHWaPxkbF69YNcBzv2ohTDARPXazkk/U=", "last_login": "2022-09-11T18:00:28.879Z", "is_superuser": false, "username": "sam", "first_name": "", "last_name": "", "email": "", "is_staff": false, "is_active": true, "date_joined": "2022-09-10T13:54:49.028Z", "groups": [], "user_permissions": []}}, {"model": "sessions.session", "pk": "93wwqigm8b09cl9ceecvb76j2i0e3ued", "fields": {"session_data": ".eJxVjDsOwjAQBe_iGln-YpuSPmewNrsbHEC2FCcV4u4QKQW0b2beS2TY1pK3zkueSVyEFqffbQR8cN0B3aHemsRW12Ue5a7Ig3Y5NOLn9XD_Dgr08q3TxCbZoBEjYWCn6cyRvGO2FiemgImjomBNStYBqsDaKBuiJ_A-RfH-APtQN_Y:1oac7Y:bWO0zZo_YfOqLze9TJsb19dNuA0J4PKGibXal2aEzHE", "expire_date": "2022-10-04T12:13:00.875Z"}}, {"model": "sessions.session", "pk": "ph75ibtzzvdsw7fdz8f5hjgsk8fex7wd", "fields": {"session_data": ".eJxVjMsOwiAQRf-FtSFlGAq4dO83NAMzSNXQpI-V8d-1SRe6veec-1IDbWsdtkXmYWR1VkadfrdE-SFtB3yndpt0nto6j0nvij7ooq8Ty_NyuH8HlZb6rZ2BIg6ZEUNvLIiY6At420G2EDrk3joPCBFil9GRoCdMuZiQOLJR7w-yXTbf:1oXiig:yUUUXc-B1_iAHmshzkQ9itKh44HrJkHEIW6E7aFjE7k", "expire_date": "2022-09-26T12:39:22.414Z"}}, {"model": "movie.movie", "pk": 1, "fields": {"title": "Five and Six", "description": "Lorem ipsum dolor sit amet, consectetur adipiscing elit, sed do eiusmod tempor incididunt ut labore et dolore magna aliqua. Id semper risus in hendrerit gravida rutrum. Malesuada pellentesque elit eget gravida cum sociis natoque penatibus. Arcu", "image": "movie/images/film2_8Mx1Ygd.jpg", "url": "https://www.imdb.com/title/tt1748179/"}}, {"model": "movie.movie", "pk": 2, "fields": {"title": "RedLights", "description": "Lorem ipsum dolor sit amet, consectetur adipiscing elit, sed do eiusmod tempor incididunt ut labore et dolore magna aliqua. Id semper risus in hendrerit gravida rutrum. Malesuada pellentesque elit eget gravida cum sociis natoque penatibus. Arcu", "image": "movie/images/film1_QiiLVWk.jpg", "url": "https://www.imdb.com/title/tt1748179/"}}, {"model": "movie.movie", "pk": 3, "fields": {"title": "Surulere", "description": "Lorem ipsum dolor sit amet, consectetur adipiscing elit, sed do eiusmod tempor incididunt ut labore et dolore magna aliqua. Id semper risus in hendrerit gravida rutrum. Malesuada pellentesque elit eget gravida cum sociis natoque penatibus. Arcu", "image": "movie/images/film3_2JZFCO0.jpg", "url": "https://www.imdb.com/title/tt1748179/"}}, {"model": "movie.review", "pk": 5, "fields": {"text": "check this out", "date": "2022-09-11T13:11:22.310Z", "user": 1, "movie": 1, "watchAgain": false}}, {"model": "movie.review", "pk": 7, "fields": {"text": "qelfhljeqf", "date": "2022-09-15T09:09:07.056Z", "user": 1, "movie": 3, "watchAgain": false}}, {"model": "movie.review", "pk": 8, "fields": {"text": "Good casting\r\nGreat screenplay", "date": "2022-09-17T16:50:49.947Z", "user": 1, "movie": 2, "watchAgain": true}}, {"model": "movie.profreview", "pk": 1, "fields": {"text": "this is sams prof review\r\n\r\nthis is the new edit", "date": "2022-09-10T13:55:33.846Z", "user": 3, "movie": 1, "watchAgain": false}}, {"model": "movie.profreview", "pk": 2, "fields": {"text": "this is ijes prof review", "date": "2022-09-10T13:55:51.478Z", "user": 2, "movie": 2, "watchAgain": false}}, {"model": "movie.profreview", "pk": 3, "fields": {"text": "this is admins prof review", "date": "2022-09-10T13:56:08.199Z", "user": 1, "movie": 3, "watchAgain": false}}, {"model": "movie.reviewer_requests", "pk": 1, "fields": {"name": "ibukun", "email": "ibukun@gmail.com"}}, {"model": "news.news", "pk": 1, "fields": {"headline": "Rick and Morty", "image": "movie/images/rick.jpg", "body": "After last week's backstory-heavy season premiere, \"Rick and Morty\" Season 6, Episode 2 keeps things contained to the space arcade Blips and Chitz for a high-concept \"Die Hard\" riff. Titled \"Rick: A Mort Well Lived,\" this is the \"Die Hard\" parody the show's creators have been teasing in trailers.\r\n\r\nWe open on a group of teens loitering outside a convenience store. They're approached by a boy handing out flyers for a rally. \"Did you know your grandpa is trying to get your attention?\" he asks. One of the skateboarders dismisses it, saying, \"He's one of those cult people. They worship some psycho named Roy that says he's everybody's grandpa.\" By this point, it's noticeable that everyone sounds like Morty, but lest we be confused for too long, things get explained at the rally.\r\n\r\nRick and Morty (Justin Roiland), along with Summer (Spencer Grammer) are at Blips and Chitz, the space arcade first introduced in the Season 2 episode, \"Mortynight Run.\" As it turns out, Morty was playing the video game \"Roy: A Life Well Lived,\" in which players live out an entire life as a guy named Roy, when the arcade was attacked by terrorists and the power went out. When the game rebooted, Morty got stuck inside of it, with his personality split between five billion non-player characters. Now, Summer is fighting the terrorists while Rick plays the game himself, using the avatar of Roy to round up all the Morty NPCs so he can get Morty back to reality. To get back, they will have to build spaceships and fly all of the Morty NPCs to the edge of the game map. Alright, is everyone on the same page? Good, because we're doing a \"Die Hard.\"\r\n\r\nRead More: https://www.looper.com/1002640/rick-and-morty-season-6-episode-2-recap/?utm_campaign=clip", "date": "2022-09-12"}}, {"model": "news.news", "pk": 2, "fields": {"headline": "The Little Demon Show", "image": "movie/images/little.PNG", "body": "\"Little Demon\" is soon to be royalty in the world of adult animation. The series created by Darcy Fowler, Seth Kirschner, and Kieran Valla premiered on FXX in August 2022, boasting an impressive main cast featuring TV legend Danny DeVito playing Satan himself, with his real-life daughter Lucy playing Satan's own daughter, and Aubrey Plaza as her reluctant mother. The show has also accrued a wide range of cameo voice actors, from DeVito's former co-star Arnold Schwarzenegger to beloved comedy filmmaker Mel Brooks. \r\n\r\nIt's obviously got an impressive pedigree, but \"Little Demon\" is not uncharted territory for animation audiences. Particularly in recent years, the world of TV animation has gotten increasingly darker, more sinister, with less likable characters. \"Little Demon\" may be the furthest the genre has gone in years; how could you get more unlikable than Satan himself? While this trend has also received pushback in shows that are more optimistic and family-friendly, \"Little Demon\" is as dark as it can get while still telling a satisfying, emotional story that centers on a broken family and a growing teenager. \r\n\r\nWhile viewers wait for new episodes of \"Little Demon\" to air, it might be worthwhile to check out some other popular shows on this list. They may not have the same cast of characters as \"Little Demon,\" but what they all share is their love of dark comedy. \r\n\r\nRead More: https://www.looper.com/1005437/shows-like-little-demon-you-should-watch-next/?utm_campaign=clip", "date": "2022-09-13"}}, {"model": "star_ratings.rating", "pk": 1, "fields": {"count": 9, "total": 32, "average": "3.556", "content_type": 7, "object_id": 1}}, {"model": "star_ratings.rating", "pk": 2, "fields": {"count": 31, "total": 59, "average": "1.903", "content_type": 7, "object_id": 2}}, {"model": "star_ratings.rating", "pk": 3, "fields": {"count": 1, "total": 3, "average": "3.000", "content_type": 7, "object_id": 3}}, {"model": "star_ratings.userrating", "pk": 1, "fields": {"created": "2022-09-15T09:09:31.059Z", "modified": "2022-09-15T09:09:31.059Z", "user": null, "ip": "127.0.0.1", "score": 3, "rating": 3}}, {"model": "star_ratings.userrating", "pk": 2, "fields": {"created": "2022-09-17T16:46:32.186Z", "modified": "2022-09-17T16:46:32.186Z", "user": null, "ip": "102.89.33.163", "score": 3, "rating": 2}}, {"model": "star_ratings.userrating", "pk": 3, "fields": {"created": "2022-09-17T16:46:33.504Z", "modified": "2022-09-17T16:46:33.504Z", "user": null, "ip": "102.89.33.163", "score": 4, "rating": 2}}, {"model": "star_ratings.userrating", "pk": 4, "fields": {"created": "2022-09-17T19:00:08.767Z", "modified": "2022-09-17T19:00:08.767Z", "user": null, "ip": "102.89.40.175", "score": 3, "rating": 1}}, {"model": "star_ratings.userrating", "pk": 5, "fields": {"created": "2022-09-17T19:00:22.535Z", "modified": "2022-09-17T19:00:22.535Z", "user": null, "ip": "102.89.40.175", "score": 5, "rating": 2}}, {"model": "star_ratings.userrating", "pk": 6, "fields": {"created": "2022-09-17T19:00:23.410Z", "modified": "2022-09-17T19:00:23.410Z", "user": null, "ip": "102.89.40.175", "score": 4, "rating": 2}}, {"model": "star_ratings.userrating", "pk": 7, "fields": {"created": "2022-09-17T19:00:24.114Z", "modified": "2022-09-17T19:00:24.114Z", "user": null, "ip": "102.89.40.175", "score": 3, "rating": 2}}, {"model": "star_ratings.userrating", "pk": 8, "fields": {"created": "2022-09-17T19:00:26.755Z", "modified": "2022-09-17T19:00:26.755Z", "user": null, "ip": "102.89.40.175", "score": 3, "rating": 2}}, {"model": "star_ratings.userrating", "pk": 9, "fields": {"created": "2022-09-17T19:00:28.580Z", "modified": "2022-09-17T19:00:28.580Z", "user": null, "ip": "102.89.40.175", "score": 3, "rating": 2}}, {"model": "star_ratings.userrating", "pk": 10, "fields": {"created": "2022-09-17T19:00:29.425Z", "modified": "2022-09-17T19:00:29.425Z", "user": null, "ip": "102.89.40.175", "score": 3, "rating": 2}}, {"model": "star_ratings.userrating", "pk": 11, "fields": {"created": "2022-09-17T19:00:31.481Z", "modified": "2022-09-17T19:00:31.481Z", "user": null, "ip": "102.89.40.175", "score": 3, "rating": 2}}, {"model": "star_ratings.userrating", "pk": 12, "fields": {"created": "2022-09-17T19:00:32.775Z", "modified": "2022-09-17T19:00:32.775Z", "user": null, "ip": "102.89.40.175", "score": 2, "rating": 2}}, {"model": "star_ratings.userrating", "pk": 13, "fields": {"created": "2022-09-17T19:00:35.062Z", "modified": "2022-09-17T19:00:35.062Z", "user": null, "ip": "102.89.40.175", "score": 2, "rating": 2}}, {"model": "star_ratings.userrating", "pk": 14, "fields": {"created": "2022-09-17T19:00:37.824Z", "modified": "2022-09-17T19:00:37.824Z", "user": null, "ip": "102.89.40.175", "score": 2, "rating": 2}}, {"model": "star_ratings.userrating", "pk": 15, "fields": {"created": "2022-09-17T19:00:39.456Z", "modified": "2022-09-17T19:00:39.456Z", "user": null, "ip": "102.89.40.175", "score": 2, "rating": 2}}, {"model": "star_ratings.userrating", "pk": 16, "fields": {"created": "2022-09-17T19:00:40.548Z", "modified": "2022-09-17T19:00:40.548Z", "user": null, "ip": "102.89.40.175", "score": 1, "rating": 2}}, {"model": "star_ratings.userrating", "pk": 17, "fields": {"created": "2022-09-17T19:00:42.691Z", "modified": "2022-09-17T19:00:42.691Z", "user": null, "ip": "102.89.40.175", "score": 2, "rating": 2}}, {"model": "star_ratings.userrating", "pk": 18, "fields": {"created": "2022-09-17T19:00:44.406Z", "modified": "2022-09-17T19:00:44.406Z", "user": null, "ip": "102.89.40.175", "score": 2, "rating": 2}}, {"model": "star_ratings.userrating", "pk": 19, "fields": {"created": "2022-09-17T19:00:45.342Z", "modified": "2022-09-17T19:00:45.342Z", "user": null, "ip": "102.89.40.175", "score": 1, "rating": 2}}, {"model": "star_ratings.userrating", "pk": 20, "fields": {"created": "2022-09-17T19:00:56.346Z", "modified": "2022-09-17T19:00:56.346Z", "user": null, "ip": "102.89.40.175", "score": 1, "rating": 2}}, {"model": "star_ratings.userrating", "pk": 21, "fields": {"created": "2022-09-17T19:00:59.024Z", "modified": "2022-09-17T19:00:59.024Z", "user": null, "ip": "102.89.40.175", "score": 1, "rating": 2}}, {"model": "star_ratings.userrating", "pk": 22, "fields": {"created": "2022-09-17T19:01:00.425Z", "modified": "2022-09-17T19:01:00.425Z", "user": null, "ip": "102.89.40.175", "score": 1, "rating": 2}}, {"model": "star_ratings.userrating", "pk": 23, "fields": {"created": "2022-09-17T19:01:01.658Z", "modified": "2022-09-17T19:01:01.658Z", "user": null, "ip": "102.89.40.175", "score": 1, "rating": 2}}, {"model": "star_ratings.userrating", "pk": 24, "fields": {"created": "2022-09-17T19:01:11.543Z", "modified": "2022-09-17T19:01:11.543Z", "user": null, "ip": "102.89.40.175", "score": 1, "rating": 2}}, {"model": "star_ratings.userrating", "pk": 25, "fields": {"created": "2022-09-17T19:01:14.528Z", "modified": "2022-09-17T19:01:14.528Z", "user": null, "ip": "102.89.40.175", "score": 1, "rating": 2}}, {"model": "star_ratings.userrating", "pk": 26, "fields": {"created": "2022-09-17T19:01:15.812Z", "modified": "2022-09-17T19:01:15.812Z", "user": null, "ip": "102.89.40.175", "score": 1, "rating": 2}}, {"model": "star_ratings.userrating", "pk": 27, "fields": {"created": "2022-09-17T19:01:17.033Z", "modified": "2022-09-17T19:01:17.033Z", "user": null, "ip": "102.89.40.175", "score": 1, "rating": 2}}, {"model": "star_ratings.userrating", "pk": 28, "fields": {"created": "2022-09-17T19:01:17.890Z", "modified": "2022-09-17T19:01:17.890Z", "user": null, "ip": "102.89.40.175", "score": 1, "rating": 2}}, {"model": "star_ratings.userrating", "pk": 29, "fields": {"created": "2022-09-17T19:01:18.490Z", "modified": "2022-09-17T19:01:18.490Z", "user": null, "ip": "102.89.40.175", "score": 1, "rating": 2}}, {"model": "star_ratings.userrating", "pk": 30, "fields": {"created": "2022-09-17T19:01:19.021Z", "modified": "2022-09-17T19:01:19.021Z", "user": null, "ip": "102.89.40.175", "score": 1, "rating": 2}}, {"model": "star_ratings.userrating", "pk": 31, "fields": {"created": "2022-09-17T19:01:19.649Z", "modified": "2022-09-17T19:01:19.649Z", "user": null, "ip": "102.89.40.175", "score": 1, "rating": 2}}, {"model": "star_ratings.userrating", "pk": 32, "fields": {"created": "2022-09-17T19:01:20.254Z", "modified": "2022-09-17T19:01:20.254Z", "user": null, "ip": "102.89.40.175", "score": 1, "rating": 2}}, {"model": "star_ratings.userrating", "pk": 33, "fields": {"created": "2022-09-17T19:01:20.750Z", "modified": "2022-09-17T19:01:20.750Z", "user": null, "ip": "102.89.40.175", "score": 1, "rating": 2}}, {"model": "star_ratings.userrating", "pk": 34, "fields": {"created": "2022-09-17T19:03:39.426Z", "modified": "2022-09-17T19:03:39.426Z", "user": null, "ip": "102.89.40.175", "score": 2, "rating": 1}}, {"model": "star_ratings.userrating", "pk": 35, "fields": {"created": "2022-09-17T19:03:41.059Z", "modified": "2022-09-17T19:03:41.059Z", "user": null, "ip": "102.89.40.175", "score": 2, "rating": 1}}, {"model": "star_ratings.userrating", "pk": 36, "fields": {"created": "2022-09-17T19:03:43.068Z", "modified": "2022-09-17T19:03:43.068Z", "user": null, "ip": "102.89.40.175", "score": 2, "rating": 1}}, {"model": "star_ratings.userrating", "pk": 37, "fields": {"created": "2022-09-17T19:03:46.208Z", "modified": "2022-09-17T19:03:46.208Z", "user": null, "ip": "102.89.40.175", "score": 5, "rating": 1}}, {"model": "star_ratings.userrating", "pk": 38, "fields": {"created": "2022-09-17T19:03:48.015Z", "modified": "2022-09-17T19:03:48.015Z", "user": null, "ip": "102.89.40.175", "score": 5, "rating": 1}}, {"model": "star_ratings.userrating", "pk": 39, "fields": {"created": "2022-09-17T19:03:48.989Z", "modified": "2022-09-17T19:03:48.989Z", "user": null, "ip": "102.89.40.175", "score": 5, "rating": 1}}, {"model": "star_ratings.userrating", "pk": 40, "fields": {"created": "2022-09-17T19:03:54.179Z", "modified": "2022-09-17T19:03:54.179Z", "user": null, "ip": "102.89.40.175", "score": 5, "rating": 1}}, {"model": "star_ratings.userrating", "pk": 41, "fields": {"created": "2022-09-17T19:03:56.255Z", "modified": "2022-09-17T19:03:56.255Z", "user": null, "ip": "102.89.40.175", "score": 3, "rating": 1}}]